business_id,name,address,city,state,postal_code,latitude,longitude,stars,num_reviews,is_open,attributes,categories,hours,categories_clean,broad_category
0bPLkL0QhhPO5kt1_EXmNQ,Zio's Italian Market,2575 E Bay Dr,Largo,FL,33771,27.9161159,-82.7604608,4.5,100,0,"{'OutdoorSeating': 'False', 'RestaurantsGoodForGroups': 'False', 'WiFi': ""u'no'"", 'RestaurantsPriceRange2': '1', 'RestaurantsDelivery': 'True', 'RestaurantsAttire': ""u'casual'"", 'BusinessAcceptsCreditCards': 'True', 'RestaurantsTakeOut': 'True', 'Caters': 'True', 'NoiseLevel': ""u'average'"", 'Ambience': ""{'romantic': False, 'intimate': False, 'touristy': False, 'hipster': False, 'divey': False, 'classy': False, 'trendy': False, 'upscale': False, 'casual': True}"", 'GoodForKids': 'True', 'BusinessAcceptsBitcoin': 'False', 'BusinessParking': ""{'garage': False, 'street': False, 'validated': False, 'lot': True, 'valet': False}"", 'BikeParking': 'True', 'RestaurantsTableService': 'False', 'Alcohol': ""u'none'"", 'RestaurantsReservations': 'False', 'GoodForMeal': ""{'dessert': False, 'latenight': False, 'lunch': True, 'dinner': False, 'brunch': False, 'breakfast': False}"", 'HasTV': 'True', 'WheelchairAccessible': 'True'}","Food, Delis, Italian, Bakeries, Restaurants","{'Monday': '10:0-18:0', 'Tuesday': '10:0-20:0', 'Wednesday': '10:0-20:0', 'Thursday': '10:0-20:0', 'Friday': '10:0-20:0', 'Saturday': '10:0-20:0'}","food, delis, italian, bakeries, restaurants",restaurants
8wGISYjYkE2tSqn3cDMu8A,Nifty Car Rental,1241 Airline Dr,Kenner,LA,70062,29.981183,-90.2540123,3.5,14,1,,"Automotive, Car Rental, Hotels & Travel, Truck Rental","{'Monday': '8:0-17:0', 'Tuesday': '8:0-17:0', 'Wednesday': '8:0-17:0', 'Thursday': '8:0-17:0', 'Friday': '8:0-17:0', 'Saturday': '9:0-15:0', 'Sunday': '9:0-12:0'}","automotive, car rental, hotels & travel, truck rental",auto
CF33F8-E6oudUQ46HnavjQ,Sonic Drive-In,615 S Main St,Ashland City,TN,37015,36.269593,-87.058943,2.0,6,1,"{'BusinessParking': 'None', 'BusinessAcceptsCreditCards': 'True', 'RestaurantsAttire': ""u'casual'"", 'OutdoorSeating': 'True', 'RestaurantsReservations': 'False', 'Caters': 'False', 'RestaurantsTakeOut': 'True', 'Alcohol': ""u'none'"", 'Ambience': 'None', 'GoodForKids': 'True', 'RestaurantsPriceRange2': '1', 'ByAppointmentOnly': 'False', 'CoatCheck': 'False', 'DogsAllowed': 'False', 'RestaurantsTableService': 'False', 'RestaurantsGoodForGroups': 'True', 'RestaurantsDelivery': 'True', 'WiFi': ""u'no'"", 'WheelchairAccessible': 'True', 'HasTV': 'True', 'HappyHour': 'False', 'DriveThru': 'True', 'BikeParking': 'False'}","Burgers, Fast Food, Sandwiches, Food, Ice Cream & Frozen Yogurt, Restaurants","{'Monday': '0:0-0:0', 'Tuesday': '6:0-22:0', 'Wednesday': '6:0-22:0', 'Thursday': '6:0-22:0', 'Friday': '9:0-0:0', 'Saturday': '9:0-22:0', 'Sunday': '8:0-22:0'}","burgers, fast food, sandwiches, food, ice cream & frozen yogurt, restaurants",restaurants
M0XSSHqrASOnhgbWDJIpQA,Herb Import Co,712 Adams St,New Orleans,LA,70118,29.9414679565,-90.129952757,4.0,5,1,"{'BusinessParking': ""{'garage': False, 'street': True, 'validated': False, 'lot': False, 'valet': False}"", 'BusinessAcceptsCreditCards': 'True', 'RestaurantsPriceRange2': '2', 'BikeParking': 'True'}","Vape Shops, Tobacco Shops, Personal Shopping, Vitamins & Supplements, Shopping","{'Monday': '10:0-19:0', 'Tuesday': '10:0-19:0', 'Wednesday': '10:0-19:0', 'Thursday': '10:0-19:0', 'Friday': '10:0-19:0', 'Saturday': '10:0-19:0', 'Sunday': '10:0-19:0'}","vape shops, tobacco shops, personal shopping, vitamins & supplements, shopping",retail
MTSW4McQd7CbVtyjqoe9mw,St Honore Pastries,935 Race St,Philadelphia,PA,19107,39.9555052,-75.1555641,4.0,80,1,"{'RestaurantsDelivery': 'False', 'OutdoorSeating': 'False', 'BusinessAcceptsCreditCards': 'False', 'BusinessParking': ""{'garage': False, 'street': True, 'validated': False, 'lot': False, 'valet': False}"", 'BikeParking': 'True', 'RestaurantsPriceRange2': '1', 'RestaurantsTakeOut': 'True', 'ByAppointmentOnly': 'False', 'WiFi': ""u'free'"", 'Alcohol': ""u'none'"", 'Caters': 'True'}","Restaurants, Food, Bubble Tea, Coffee & Tea, Bakeries","{'Monday': '7:0-20:0', 'Tuesday': '7:0-20:0', 'Wednesday': '7:0-20:0', 'Thursday': '7:0-20:0', 'Friday': '7:0-21:0', 'Saturday': '7:0-21:0', 'Sunday': '7:0-21:0'}","restaurants, food, bubble tea, coffee & tea, bakeries",restaurants
MUTTqe8uqyMdBl186RmNeA,Tuna Bar,205 Race St,Philadelphia,PA,19106,39.953949,-75.1432262,4.0,245,1,"{'RestaurantsReservations': 'True', 'RestaurantsGoodForGroups': 'True', 'RestaurantsAttire': ""'casual'"", 'BusinessAcceptsCreditCards': 'True', 'WiFi': ""'free'"", 'HasTV': 'False', 'RestaurantsTakeOut': 'True', 'Ambience': ""{'touristy': False, 'hipster': False, 'romantic': False, 'divey': False, 'intimate': False, 'trendy': False, 'upscale': False, 'classy': True, 'casual': False}"", 'GoodForKids': 'False', 'GoodForMeal': ""{'dessert': True, 'latenight': None, 'lunch': None, 'dinner': True, 'brunch': None, 'breakfast': None}"", 'NoiseLevel': ""u'average'"", 'RestaurantsPriceRange2': '2', 'Alcohol': ""'full_bar'"", 'DogsAllowed': 'False', 'HappyHour': 'True', 'RestaurantsDelivery': 'True', 'WheelchairAccessible': 'True', 'OutdoorSeating': 'True', 'RestaurantsTableService': 'True', 'BusinessParking': ""{u'valet': False, u'garage': None, u'street': True, u'lot': False, u'validated': None}""}","Sushi Bars, Restaurants, Japanese","{'Tuesday': '13:30-22:0', 'Wednesday': '13:30-22:0', 'Thursday': '13:30-22:0', 'Friday': '13:30-23:0', 'Saturday': '13:30-23:0', 'Sunday': '13:30-22:0'}","sushi bars, restaurants, japanese",restaurants
Pns2l4eNsfO8kk83dixA6A,"Abby Rappoport, LAC, CMQ","1616 Chapala St, Ste 2",Santa Barbara,CA,93101,34.4266787,-119.7111968,5.0,7,0,{'ByAppointmentOnly': 'True'},"Doctors, Traditional Chinese Medicine, Naturopathic/Holistic, Acupuncture, Health & Medical, Nutritionists",,"doctors, traditional chinese medicine, naturopathic/holistic, acupuncture, health & medical, nutritionists",health
ROeacJQwBeh05Rqg7F6TCg,BAP,1224 South St,Philadelphia,PA,19147,39.943223,-75.162568,4.5,205,1,"{'NoiseLevel': ""u'quiet'"", 'GoodForMeal': ""{'dessert': False, 'latenight': False, 'lunch': True, 'dinner': True, 'brunch': False, 'breakfast': False}"", 'RestaurantsGoodForGroups': 'False', 'RestaurantsTableService': 'True', 'WiFi': ""u'no'"", 'GoodForKids': 'True', 'Alcohol': ""u'none'"", 'RestaurantsPriceRange2': '1', 'RestaurantsAttire': ""u'casual'"", 'BikeParking': 'True', 'BusinessParking': ""{'garage': False, 'street': True, 'validated': False, 'lot': False, 'valet': False}"", 'Caters': 'True', 'RestaurantsReservations': 'False', 'HasTV': 'True', 'BusinessAcceptsCreditCards': 'True', 'OutdoorSeating': 'None', 'Ambience': ""{'touristy': False, 'hipster': False, 'romantic': False, 'divey': False, 'intimate': None, 'trendy': False, 'upscale': False, 'classy': False, 'casual': True}"", 'RestaurantsDelivery': 'None', 'RestaurantsTakeOut': 'True'}","Korean, Restaurants","{'Monday': '11:30-20:30', 'Tuesday': '11:30-20:30', 'Wednesday': '11:30-20:30', 'Thursday': '11:30-20:30', 'Friday': '11:30-20:30', 'Saturday': '11:30-20:30'}","korean, restaurants",restaurants
UJsufbvfyfONHeWdvAHKjA,Marshalls,21705 Village Lakes Sc Dr,Land O' Lakes,FL,34639,28.1904587953,-82.4573802199,3.5,6,1,"{'RestaurantsPriceRange2': '2', 'BikeParking': 'True', 'BusinessAcceptsCreditCards': 'True', 'BusinessParking': ""{'garage': False, 'street': False, 'validated': False, 'lot': False, 'valet': False}""}","Department Stores, Shopping, Fashion","{'Monday': '9:30-21:30', 'Tuesday': '9:30-21:30', 'Wednesday': '9:30-21:30', 'Thursday': '9:30-21:30', 'Friday': '9:30-21:30', 'Saturday': '9:30-21:30', 'Sunday': '10:0-20:0'}","department stores, shopping, fashion",retail
bBDDEgkFA1Otx9Lfe7BZUQ,Sonic Drive-In,2312 Dickerson Pike,Nashville,TN,37207,36.2081024,-86.7681696,1.5,10,1,"{'RestaurantsAttire': ""'casual'"", 'RestaurantsGoodForGroups': 'False', 'BusinessAcceptsCreditCards': 'True', 'OutdoorSeating': 'True', 'GoodForKids': 'True', 'Alcohol': ""u'none'"", 'BusinessParking': ""{'garage': False, 'street': False, 'validated': False, 'lot': False, 'valet': False}"", 'DogsAllowed': 'False', 'RestaurantsTableService': 'False', 'ByAppointmentOnly': 'False', 'WiFi': ""u'no'"", 'RestaurantsPriceRange2': '1', 'RestaurantsReservations': 'False', 'HasTV': 'True', 'RestaurantsDelivery': 'True', 'CoatCheck': 'False', 'Caters': 'False', 'RestaurantsTakeOut': 'True', 'DriveThru': 'True', 'HappyHour': 'False', 'WheelchairAccessible': 'True'}","Ice Cream & Frozen Yogurt, Fast Food, Burgers, Restaurants, Food","{'Monday': '0:0-0:0', 'Tuesday': '6:0-21:0', 'Wednesday': '6:0-21:0', 'Thursday': '6:0-16:0', 'Friday': '6:0-16:0', 'Saturday': '6:0-17:0', 'Sunday': '6:0-21:0'}","ice cream & frozen yogurt, fast food, burgers, restaurants, food",restaurants
eEOYSgkmpB90uNA7lDOMRA,Vietnamese Food Truck,,Tampa Bay,FL,33602,27.9552692,-82.4563199,4.0,10,1,"{'Alcohol': ""'none'"", 'OutdoorSeating': 'None', 'RestaurantsReservations': 'False', 'Ambience': ""{'touristy': False, 'hipster': False, 'romantic': False, 'divey': False, 'intimate': False, 'trendy': False, 'upscale': False, 'classy': False, 'casual': False}"", 'GoodForMeal': ""{'dessert': False, 'latenight': False, 'lunch': False, 'dinner': False, 'brunch': False, 'breakfast': False}"", 'BusinessParking': ""{'garage': False, 'street': False, 'validated': False, 'lot': False, 'valet': False}""}","Vietnamese, Food, Restaurants, Food Trucks","{'Monday': '11:0-14:0', 'Tuesday': '11:0-14:0', 'Wednesday': '11:0-14:0', 'Thursday': '11:0-14:0', 'Friday': '11:0-14:0', 'Saturday': '5:0-10:0', 'Sunday': '15:0-18:0'}","vietnamese, food, restaurants, food trucks",restaurants
il_Ro8jwPlHresjw9EGmBg,Denny's,8901 US 31 S,Indianapolis,IN,46227,39.6371332838,-86.127217412,2.5,28,1,"{'RestaurantsReservations': 'False', 'RestaurantsTakeOut': 'True', 'RestaurantsAttire': ""'casual'"", 'GoodForKids': 'True', 'BikeParking': 'False', 'RestaurantsPriceRange2': '1', 'BusinessAcceptsCreditCards': 'True', 'GoodForMeal': ""{'dessert': False, 'latenight': False, 'lunch': False, 'dinner': False, 'brunch': False, 'breakfast': False}"", 'RestaurantsGoodForGroups': 'True', 'OutdoorSeating': 'False', 'WiFi': ""u'no'"", 'Alcohol': ""'none'"", 'RestaurantsDelivery': 'True', 'BusinessParking': ""{'garage': None, 'street': False, 'validated': None, 'lot': True, 'valet': False}"", 'HasTV': 'True', 'Ambience': ""{'touristy': None, 'hipster': None, 'romantic': False, 'divey': None, 'intimate': None, 'trendy': None, 'upscale': None, 'classy': None, 'casual': True}""}","American (Traditional), Restaurants, Diners, Breakfast & Brunch","{'Monday': '6:0-22:0', 'Tuesday': '6:0-22:0', 'Wednesday': '6:0-22:0', 'Thursday': '6:0-22:0', 'Friday': '6:0-22:0', 'Saturday': '6:0-22:0', 'Sunday': '6:0-22:0'}","american (traditional), restaurants, diners, breakfast & brunch",restaurants
jaxMSoInw8Poo3XeMJt8lQ,Adams Dental,15 N Missouri Ave,Clearwater,FL,33755,27.966235,-82.787412,5.0,10,1,{'ByAppointmentOnly': 'True'},"General Dentistry, Dentists, Health & Medical, Cosmetic Dentists","{'Monday': '7:30-15:30', 'Tuesday': '7:30-15:30', 'Wednesday': '7:30-15:30', 'Thursday': '7:30-15:30'}","general dentistry, dentists, health & medical, cosmetic dentists",health
k0hlBqXX-Bt0vf1op7Jr1w,Tsevi's Pub And Grill,8025 Mackenzie Rd,Affton,MO,63123,38.5651648,-90.3210868,3.0,19,0,"{'Caters': 'True', 'Alcohol': ""u'full_bar'"", 'RestaurantsAttire': ""u'casual'"", 'RestaurantsDelivery': 'False', 'RestaurantsTakeOut': 'True', 'HasTV': 'True', 'NoiseLevel': ""u'average'"", 'BusinessAcceptsCreditCards': 'True', 'OutdoorSeating': 'True', 'BusinessParking': ""{'garage': False, 'street': False, 'validated': False, 'lot': True, 'valet': False}"", 'Ambience': ""{'romantic': False, 'intimate': False, 'touristy': False, 'hipster': False, 'divey': False, 'classy': False, 'trendy': False, 'upscale': False, 'casual': False}"", 'RestaurantsPriceRange2': '1', 'GoodForKids': 'True', 'WiFi': ""u'free'"", 'RestaurantsReservations': 'False', 'RestaurantsGoodForGroups': 'True'}","Pubs, Restaurants, Italian, Bars, American (Traditional), Nightlife, Greek",,"pubs, restaurants, italian, bars, american (traditional), nightlife, greek",restaurants
mWMc6_wTdE0EUBKIGXDVfA,Perkiomen Valley Brewery,101 Walnut St,Green Lane,PA,18054,40.3381827,-75.4716585,4.5,13,1,"{'BusinessAcceptsCreditCards': 'True', 'WheelchairAccessible': 'True', 'RestaurantsTakeOut': 'True', 'BusinessParking': ""{'garage': None, 'street': None, 'validated': None, 'lot': True, 'valet': False}"", 'BikeParking': 'True', 'GoodForKids': 'True', 'Caters': 'False'}","Brewpubs, Breweries, Food","{'Wednesday': '14:0-22:0', 'Thursday': '16:0-22:0', 'Friday': '12:0-22:0', 'Saturday': '12:0-22:0', 'Sunday': '12:0-18:0'}","brewpubs, breweries, food",restaurants
mpf3x-BjTdTEA3yCZrAYPw,The UPS Store,87 Grasso Plaza Shopping Center,Affton,MO,63123,38.551126,-90.335695,3.0,15,1,{'BusinessAcceptsCreditCards': 'True'},"Shipping Centers, Local Services, Notaries, Mailbox Centers, Printing Services","{'Monday': '0:0-0:0', 'Tuesday': '8:0-18:30', 'Wednesday': '8:0-18:30', 'Thursday': '8:0-18:30', 'Friday': '8:0-18:30', 'Saturday': '8:0-14:0'}","shipping centers, local services, notaries, mailbox centers, printing services",services
n_0UpQx1hsNbnPUSlodU8w,Famous Footwear,"8522 Eager Road, Dierbergs Brentwood Point",Brentwood,MO,63144,38.627695,-90.340465,2.5,13,1,"{'BusinessAcceptsCreditCards': 'True', 'RestaurantsPriceRange2': '2', 'BikeParking': 'True', 'BusinessParking': ""{'garage': False, 'street': False, 'validated': False, 'lot': True, 'valet': False}""}","Sporting Goods, Fashion, Shoe Stores, Shopping, Sports Wear, Accessories","{'Monday': '0:0-0:0', 'Tuesday': '10:0-18:0', 'Wednesday': '10:0-18:0', 'Thursday': '10:0-18:0', 'Friday': '10:0-18:0', 'Saturday': '10:0-18:0', 'Sunday': '12:0-18:0'}","sporting goods, fashion, shoe stores, shopping, sports wear, accessories",retail
qkRM_2X51Yqxk3btlwAQIg,Temple Beth-El,400 Pasadena Ave S,St. Petersburg,FL,33707,27.76659,-82.732983,3.5,5,1,,"Synagogues, Religious Organizations","{'Monday': '9:0-17:0', 'Tuesday': '9:0-17:0', 'Wednesday': '9:0-17:0', 'Thursday': '9:0-17:0', 'Friday': '9:0-17:0'}","synagogues, religious organizations",other
rBmpy_Y1UbBx8ggHlyb7hA,Arizona Truck Outfitters,625 N Stone Ave,Tucson,AZ,85705,32.2298719,-110.9723419,4.5,10,1,"{'DriveThru': 'False', 'BusinessAcceptsCreditCards': 'True', 'WiFi': ""u'free'"", 'ByAppointmentOnly': 'False'}","Automotive, Auto Parts & Supplies, Auto Customization","{'Monday': '0:0-0:0', 'Tuesday': '8:0-17:0', 'Wednesday': '8:0-17:0', 'Thursday': '8:0-17:0', 'Friday': '8:0-17:0', 'Saturday': '8:0-14:0', 'Sunday': '0:0-0:0'}","automotive, auto parts & supplies, auto customization",auto
tUFrWirKiKi_TAnsVWINQQ,Target,5255 E Broadway Blvd,Tucson,AZ,85711,32.223236,-110.880452,3.5,22,0,"{'BikeParking': 'True', 'BusinessAcceptsCreditCards': 'True', 'RestaurantsPriceRange2': '2', 'CoatCheck': 'False', 'RestaurantsTakeOut': 'False', 'RestaurantsDelivery': 'False', 'Caters': 'False', 'WiFi': ""u'no'"", 'BusinessParking': ""{'garage': False, 'street': False, 'validated': False, 'lot': True, 'valet': False}"", 'WheelchairAccessible': 'True', 'HappyHour': 'False', 'OutdoorSeating': 'False', 'HasTV': 'False', 'RestaurantsReservations': 'False', 'DogsAllowed': 'False', 'ByAppointmentOnly': 'False'}","Department Stores, Shopping, Fashion, Home & Garden, Electronics, Furniture Stores","{'Monday': '8:0-22:0', 'Tuesday': '8:0-22:0', 'Wednesday': '8:0-22:0', 'Thursday': '8:0-22:0', 'Friday': '8:0-23:0', 'Saturday': '8:0-23:0', 'Sunday': '8:0-22:0'}","department stores, shopping, fashion, home & garden, electronics, furniture stores",retail
